{
    "Version": 18,
    "Spatial_MinTimer": 300000,
    "Spatial_MaxTimer": 300000,
    "MinDistance": 140,
    "MaxDistance": 220,
    "HuntMode": 1,
    "Points_Enabled": 0,
    "Locations_Enabled": 0,
    "EngageTimer": 300000,
    "CleanupTimer": 360000,
    "PlayerChecks": 0,
    "MaxAI": 20,
    "GroupDifficulty": 1,
    "MinimumPlayerDistance": 0,
    "MaxSoloPlayers": 0,
    "MinimumAge": 0,
    "MessageType": 1,
    "MessageTitle": "Spatial AI",
    "MessageText": "AI Spotted in the Area. Be Careful.",
    "LootWhitelist": [],
    "Spatial_InVehicle": 0,
    "Spatial_IsBleeding": 0,
    "Spatial_IsRestrained": 0,
    "Spatial_IsUnconscious": 0,
    "Spatial_IsInSafeZone": 0,
    "Spatial_TPSafeZone": 0,
    "Spatial_InOwnTerritory": 0,
    "Group": [
        {
            "Spatial_MinCount": 2,
            "Spatial_MaxCount": 2,
            "Spatial_Weight": 200.0,
            "Spatial_Loadout": "NBCLoadout.json",
            "Spatial_Faction": "Guards",
            "Spatial_Name": "Guard",
            "Spatial_Lootable": 1,
            "Spatial_Chance": 0.5,
            "Spatial_MinAccuracy": 0.25,
            "Spatial_MaxAccuracy": 0.6600000262260437,
            "Spatial_UnlimitedReload": 0
        },
        {
            "Spatial_MinCount": 1,
            "Spatial_MaxCount": 3,
            "Spatial_Weight": 300.0,
            "Spatial_Loadout": "HumanLoadout.json",
            "Spatial_Faction": "Shamans",
            "Spatial_Name": "Shaman",
            "Spatial_Lootable": 1,
            "Spatial_Chance": 0.5,
            "Spatial_MinAccuracy": 0.25,
            "Spatial_MaxAccuracy": 0.6600000262260437,
            "Spatial_UnlimitedReload": 1
        },
        {
            "Spatial_MinCount": 2,
            "Spatial_MaxCount": 3,
            "Spatial_Weight": 350.0,
            "Spatial_Loadout": "EastLoadout.json",
            "Spatial_Faction": "Passive",
            "Spatial_Name": "Passive",
            "Spatial_Lootable": 1,
            "Spatial_Chance": 0.5,
            "Spatial_MinAccuracy": 0.25,
            "Spatial_MaxAccuracy": 0.6600000262260437,
            "Spatial_UnlimitedReload": 1
        }
    ],
    "Point": [
        {
            "Spatial_Name": "East",
            "Spatial_Safe": 0,
            "Spatial_Radius": 50.0,
            "Spatial_ZoneLoadout": "EastLoadout.json",
            "Spatial_MinCount": 0,
            "Spatial_MaxCount": 4,
            "Spatial_HuntMode": 6,
            "Spatial_Faction": "East",
            "Spatial_Lootable": 1,
            "Spatial_Chance": 0.5,
            "Spatial_MinAccuracy": 0.25,
            "Spatial_MaxAccuracy": 0.6600000262260437,
            "Spatial_UnlimitedReload": 0,
            "Spatial_Position": [
                0.0,
                0.0,
                0.0
            ]
        },
        {
            "Spatial_Name": "West",
            "Spatial_Safe": 0,
            "Spatial_Radius": 100.0,
            "Spatial_ZoneLoadout": "WestLoadout.json",
            "Spatial_MinCount": 0,
            "Spatial_MaxCount": 5,
            "Spatial_HuntMode": 1,
            "Spatial_Faction": "West",
            "Spatial_Lootable": 1,
            "Spatial_Chance": 0.5,
            "Spatial_MinAccuracy": 0.25,
            "Spatial_MaxAccuracy": 0.6600000262260437,
            "Spatial_UnlimitedReload": 0,
            "Spatial_Position": [
                0.0,
                0.0,
                0.0
            ]
        },
        {
            "Spatial_Name": "Civilian",
            "Spatial_Safe": 1,
            "Spatial_Radius": 150.0,
            "Spatial_ZoneLoadout": "HumanLoadout.json",
            "Spatial_MinCount": 0,
            "Spatial_MaxCount": 0,
            "Spatial_HuntMode": 0,
            "Spatial_Faction": "Civilian",
            "Spatial_Lootable": 1,
            "Spatial_Chance": 0.5,
            "Spatial_MinAccuracy": 0.25,
            "Spatial_MaxAccuracy": 0.6600000262260437,
            "Spatial_UnlimitedReload": 0,
            "Spatial_Position": [
                0.0,
                0.0,
                0.0
            ]
        }
    ],
    "Location": [
        {
            "Spatial_Name": "Name",
            "Spatial_TriggerRadius": 50.0,
            "Spatial_ZoneLoadout": "NBCLoadout.json",
            "Spatial_MinCount": 0,
            "Spatial_MaxCount": 4,
            "Spatial_HuntMode": 6,
            "Spatial_Faction": "East",
            "Spatial_Lootable": 1,
            "Spatial_Chance": 0.5,
            "Spatial_MinAccuracy": 0.25,
            "Spatial_MaxAccuracy": 0.6600000262260437,
            "Spatial_Timer": 60000.0,
            "Spatial_UnlimitedReload": 0,
            "Spatial_TriggerPosition": [
                0.0,
                0.0,
                0.0
            ],
            "Spatial_SpawnPosition": [
                0.0,
                0.0,
                0.0
            ]
        },
        {
            "Spatial_Name": "Name",
            "Spatial_TriggerRadius": 50.0,
            "Spatial_ZoneLoadout": "NBCLoadout.json",
            "Spatial_MinCount": 0,
            "Spatial_MaxCount": 4,
            "Spatial_HuntMode": 6,
            "Spatial_Faction": "East",
            "Spatial_Lootable": 1,
            "Spatial_Chance": 0.5,
            "Spatial_MinAccuracy": 0.25,
            "Spatial_MaxAccuracy": 0.6600000262260437,
            "Spatial_Timer": 60000.0,
            "Spatial_UnlimitedReload": 0,
            "Spatial_TriggerPosition": [
                0.0,
                0.0,
                0.0
            ],
            "Spatial_SpawnPosition": [
                0.0,
                0.0,
                0.0
            ]
        }
    ]
}